,,,0,0,1,1,2,2,3,3,4,4,5,5,6,6,7,7,8,8,9,9,10,10,11,11
,,,externalization,behavior,externalization,behavior,externalization,behavior,externalization,behavior,externalization,behavior,externalization,behavior,externalization,behavior,externalization,behavior,externalization,behavior,externalization,behavior,externalization,behavior,externalization,behavior
simulation_number,generation,learning_step,,,,,,,,,,,,,,,,,,,,,,,,
0,0,0,0.0,gamma,0.0,delta,0.0,alpha,0.0,gamma,0.0,alpha,0.0,beta,0.0,gamma,0.0,beta,0.0,beta,0.0,beta,0.0,beta,0.0,alpha
0,0,1,0.0,alpha,0.0,alpha,0.0,beta,0.0,beta,0.0,beta,0.0,beta,0.0,alpha,0.0,alpha,0.0,alpha,0.0,gamma,0.0,alpha,0.0,beta
0,0,2,0.0,alpha,0.0,beta,0.0,beta,0.0,alpha,0.0,alpha,0.0,beta,0.0,alpha,0.0,alpha,0.0,alpha,0.0,beta,0.0,alpha,0.0,alpha
0,1,0,0.0,delta,0.0,beta,0.0,gamma,0.0,beta,0.0,alpha,0.0,alpha,0.0,gamma,0.0,gamma,0.0,gamma,0.0,alpha,0.0,alpha,0.0,gamma
1,0,0,0.0,delta,0.0,gamma,0.0,gamma,0.0,alpha,0.0,gamma,0.0,beta,0.0,alpha,0.0,gamma,0.0,alpha,0.0,beta,0.0,delta,0.0,delta
1,0,1,0.0,alpha,0.0,gamma,0.0,alpha,0.0,delta,0.0,delta,0.0,delta,0.0,delta,0.0,alpha,0.0,beta,0.0,alpha,0.0,alpha,0.0,beta
1,0,2,0.0,beta,0.0,beta,0.0,delta,0.0,alpha,0.0,beta,0.0,gamma,0.0,beta,0.0,beta,0.0,delta,0.0,alpha,0.0,alpha,0.0,alpha
1,1,0,0.0,alpha,0.0,gamma,0.0,alpha,0.0,delta,0.0,gamma,0.0,beta,0.0,alpha,0.0,alpha,0.0,alpha,0.0,beta,0.0,delta,0.0,delta
2,0,0,0.0,beta,0.0,beta,0.0,gamma,0.0,beta,0.0,gamma,0.0,gamma,0.0,gamma,0.0,gamma,0.0,gamma,0.0,beta,0.0,delta,0.0,beta
2,0,1,0.0,beta,0.0,beta,0.0,beta,0.0,beta,0.0,beta,0.0,beta,0.0,gamma,0.0,beta,0.0,gamma,0.0,gamma,0.0,delta,0.0,gamma
2,0,2,0.0,beta,0.0,beta,0.0,beta,0.0,beta,0.0,delta,0.0,gamma,0.0,beta,0.0,beta,0.0,beta,0.0,beta,0.0,beta,0.0,beta
2,1,0,0.0,gamma,0.0,alpha,0.0,alpha,0.0,alpha,0.0,delta,0.0,gamma,0.0,alpha,0.0,alpha,0.0,alpha,0.0,delta,0.0,delta,0.0,delta
3,0,0,0.0,delta,0.0,gamma,0.0,beta,0.0,gamma,0.0,beta,0.0,alpha,0.0,delta,0.0,beta,0.0,beta,0.0,gamma,0.0,alpha,0.0,beta
3,0,1,0.0,beta,0.0,beta,0.0,beta,0.0,beta,0.0,gamma,0.0,beta,0.0,beta,0.0,alpha,0.0,alpha,0.0,beta,0.0,beta,0.0,beta
3,0,2,0.0,beta,0.0,alpha,0.0,beta,0.0,beta,0.0,beta,0.0,beta,0.0,beta,0.0,beta,0.0,beta,0.0,beta,0.0,beta,0.0,beta
3,1,0,0.0,alpha,0.0,alpha,0.0,gamma,0.0,gamma,0.0,alpha,0.0,beta,0.0,gamma,0.0,delta,0.0,alpha,0.0,gamma,0.0,beta,0.0,alpha
4,0,0,0.0,gamma,0.0,delta,0.0,delta,0.0,alpha,0.0,alpha,0.0,beta,0.0,gamma,0.0,alpha,0.0,alpha,0.0,beta,0.0,delta,0.0,delta
4,0,1,0.0,beta,0.0,beta,0.0,beta,0.0,delta,0.0,alpha,0.0,alpha,0.0,alpha,0.0,delta,0.0,beta,0.0,gamma,0.0,alpha,0.0,delta
4,0,2,0.0,alpha,0.0,delta,0.0,delta,0.0,alpha,0.0,delta,0.0,alpha,0.0,beta,0.0,beta,0.0,alpha,0.0,beta,0.0,delta,0.0,delta
4,1,0,0.0,gamma,0.0,delta,0.0,beta,0.0,delta,0.0,gamma,0.0,beta,0.0,beta,0.0,gamma,0.0,delta,0.0,beta,0.0,gamma,0.0,beta
5,0,0,0.0,beta,0.0,alpha,0.0,gamma,0.0,beta,0.0,delta,0.0,delta,0.0,alpha,0.0,beta,0.0,delta,0.0,gamma,0.0,gamma,0.0,alpha
5,0,1,0.0,delta,0.0,delta,0.0,beta,0.0,delta,0.0,alpha,0.0,beta,0.0,delta,0.0,delta,0.0,delta,0.0,beta,0.0,beta,0.0,alpha
5,0,2,0.0,beta,0.0,alpha,0.0,delta,0.0,delta,0.0,alpha,0.0,delta,0.0,alpha,0.0,alpha,0.0,delta,0.0,beta,0.0,delta,0.0,delta
5,1,0,0.0,alpha,0.0,beta,0.0,beta,0.0,alpha,0.0,delta,0.0,alpha,0.0,delta,0.0,alpha,0.0,alpha,0.0,delta,0.0,alpha,0.0,delta
6,0,0,0.0,delta,0.0,alpha,0.0,alpha,0.0,gamma,0.0,beta,0.0,delta,0.0,gamma,0.0,alpha,0.0,gamma,0.0,delta,0.0,alpha,0.0,alpha
6,0,1,0.0,alpha,0.0,alpha,0.0,alpha,0.0,delta,0.0,beta,0.0,alpha,0.0,alpha,0.0,alpha,0.0,delta,0.0,alpha,0.0,delta,0.0,alpha
6,0,2,0.0,alpha,0.0,alpha,0.0,alpha,0.0,beta,0.0,alpha,0.0,alpha,0.0,alpha,0.0,beta,0.0,alpha,0.0,alpha,0.0,alpha,0.0,alpha
6,1,0,0.0,beta,0.0,gamma,0.0,alpha,0.0,beta,0.0,gamma,0.0,alpha,0.0,alpha,0.0,alpha,0.0,delta,0.0,gamma,0.0,alpha,0.0,delta
7,0,0,0.0,gamma,0.0,alpha,0.0,delta,0.0,delta,0.0,alpha,0.0,alpha,0.0,beta,0.0,alpha,0.0,alpha,0.0,beta,0.0,alpha,0.0,gamma
7,0,1,0.0,beta,0.0,beta,0.0,delta,0.0,beta,0.0,alpha,0.0,alpha,0.0,delta,0.0,beta,0.0,alpha,0.0,beta,0.0,alpha,0.0,delta
7,0,2,0.0,delta,0.0,alpha,0.0,beta,0.0,alpha,0.0,alpha,0.0,delta,0.0,beta,0.0,beta,0.0,beta,0.0,beta,0.0,beta,0.0,alpha
7,1,0,0.0,delta,0.0,delta,0.0,beta,0.0,alpha,0.0,delta,0.0,alpha,0.0,beta,0.0,alpha,0.0,alpha,0.0,gamma,0.0,alpha,0.0,delta
8,0,0,0.0,gamma,0.0,delta,0.0,beta,0.0,delta,0.0,gamma,0.0,delta,0.0,alpha,0.0,alpha,0.0,alpha,0.0,delta,0.0,alpha,0.0,alpha
8,0,1,0.0,delta,0.0,alpha,0.0,beta,0.0,gamma,0.0,gamma,0.0,delta,0.0,delta,0.0,delta,0.0,delta,0.0,alpha,0.0,alpha,0.0,delta
8,0,2,0.0,beta,0.0,beta,0.0,alpha,0.0,alpha,0.0,delta,0.0,gamma,0.0,alpha,0.0,alpha,0.0,beta,0.0,delta,0.0,delta,0.0,alpha
8,1,0,0.0,beta,0.0,delta,0.0,delta,0.0,gamma,0.0,alpha,0.0,gamma,0.0,beta,0.0,beta,0.0,delta,0.0,delta,0.0,alpha,0.0,delta
9,0,0,0.0,gamma,0.0,alpha,0.0,alpha,0.0,alpha,0.0,beta,0.0,delta,0.0,alpha,0.0,gamma,0.0,delta,0.0,delta,0.0,gamma,0.0,gamma
9,0,1,0.0,alpha,0.0,gamma,0.0,delta,0.0,gamma,0.0,beta,0.0,gamma,0.0,alpha,0.0,gamma,0.0,delta,0.0,alpha,0.0,gamma,0.0,alpha
9,0,2,0.0,gamma,0.0,gamma,0.0,gamma,0.0,delta,0.0,beta,0.0,alpha,0.0,alpha,0.0,gamma,0.0,beta,0.0,alpha,0.0,alpha,0.0,alpha
9,1,0,0.0,alpha,0.0,gamma,0.0,alpha,0.0,alpha,0.0,alpha,0.0,beta,0.0,gamma,0.0,beta,0.0,alpha,0.0,beta,0.0,alpha,0.0,gamma
10,0,0,0.0,alpha,0.0,beta,0.0,delta,0.0,beta,0.0,beta,0.0,gamma,0.0,alpha,0.0,gamma,0.0,beta,0.0,gamma,0.0,beta,0.0,delta
10,0,1,0.0,alpha,0.0,delta,0.0,alpha,0.0,beta,0.0,beta,0.0,delta,0.0,beta,0.0,beta,0.0,beta,0.0,delta,0.0,beta,0.0,beta
10,0,2,0.0,beta,0.0,beta,0.0,beta,0.0,delta,0.0,beta,0.0,delta,0.0,beta,0.0,beta,0.0,alpha,0.0,delta,0.0,delta,0.0,beta
10,1,0,0.0,alpha,0.0,beta,0.0,delta,0.0,delta,0.0,alpha,0.0,delta,0.0,delta,0.0,delta,0.0,alpha,0.0,alpha,0.0,alpha,0.0,delta
11,0,0,0.0,beta,0.0,beta,0.0,beta,0.0,beta,0.0,delta,0.0,gamma,0.0,alpha,0.0,beta,0.0,beta,0.0,delta,0.0,gamma,0.0,beta
11,0,1,0.0,beta,0.0,beta,0.0,beta,0.0,beta,0.0,beta,0.0,beta,0.0,beta,0.0,gamma,0.0,delta,0.0,beta,0.0,delta,0.0,beta
11,0,2,0.0,beta,0.0,beta,0.0,beta,0.0,beta,0.0,beta,0.0,gamma,0.0,beta,0.0,gamma,0.0,beta,0.0,beta,0.0,beta,0.0,beta
11,1,0,0.0,alpha,0.0,beta,0.0,beta,0.0,delta,0.0,delta,0.0,beta,0.0,beta,0.0,gamma,0.0,alpha,0.0,gamma,0.0,beta,0.0,delta
12,0,0,0.0,beta,0.0,beta,0.0,gamma,0.0,beta,0.0,alpha,0.0,beta,0.0,delta,0.0,beta,0.0,beta,0.0,delta,0.0,alpha,0.0,delta
12,0,1,0.0,beta,0.0,delta,0.0,beta,0.0,beta,0.0,alpha,0.0,delta,0.0,beta,0.0,beta,0.0,beta,0.0,beta,0.0,delta,0.0,beta
12,0,2,0.0,delta,0.0,delta,0.0,delta,0.0,delta,0.0,beta,0.0,beta,0.0,beta,0.0,beta,0.0,beta,0.0,beta,0.0,delta,0.0,beta
12,1,0,0.0,alpha,0.0,gamma,0.0,delta,0.0,beta,0.0,delta,0.0,beta,0.0,alpha,0.0,beta,0.0,gamma,0.0,gamma,0.0,gamma,0.0,beta
13,0,0,0.0,beta,0.0,delta,0.0,gamma,0.0,delta,0.0,alpha,0.0,gamma,0.0,delta,0.0,delta,0.0,gamma,0.0,delta,0.0,gamma,0.0,alpha
13,0,1,0.0,delta,0.0,gamma,0.0,beta,0.0,alpha,0.0,delta,0.0,delta,0.0,beta,0.0,gamma,0.0,beta,0.0,delta,0.0,alpha,0.0,alpha
13,0,2,0.0,beta,0.0,alpha,0.0,delta,0.0,alpha,0.0,gamma,0.0,gamma,0.0,beta,0.0,beta,0.0,alpha,0.0,delta,0.0,alpha,0.0,beta
13,1,0,0.0,alpha,0.0,beta,0.0,gamma,0.0,gamma,0.0,delta,0.0,alpha,0.0,alpha,0.0,delta,0.0,beta,0.0,beta,0.0,alpha,0.0,gamma
14,0,0,0.0,alpha,0.0,beta,0.0,beta,0.0,gamma,0.0,alpha,0.0,delta,0.0,beta,0.0,gamma,0.0,beta,0.0,alpha,0.0,alpha,0.0,delta
14,0,1,0.0,beta,0.0,beta,0.0,alpha,0.0,beta,0.0,delta,0.0,delta,0.0,delta,0.0,alpha,0.0,alpha,0.0,alpha,0.0,alpha,0.0,beta
14,0,2,0.0,alpha,0.0,beta,0.0,beta,0.0,delta,0.0,alpha,0.0,alpha,0.0,delta,0.0,alpha,0.0,beta,0.0,delta,0.0,alpha,0.0,delta
14,1,0,0.0,alpha,0.0,beta,0.0,beta,0.0,delta,0.0,delta,0.0,delta,0.0,beta,0.0,beta,0.0,beta,0.0,delta,0.0,beta,0.0,alpha
15,0,0,0.0,alpha,0.0,alpha,0.0,alpha,0.0,gamma,0.0,alpha,0.0,gamma,0.0,beta,0.0,alpha,0.0,delta,0.0,alpha,0.0,delta,0.0,beta
15,0,1,0.0,alpha,0.0,alpha,0.0,alpha,0.0,beta,0.0,delta,0.0,gamma,0.0,beta,0.0,beta,0.0,alpha,0.0,beta,0.0,alpha,0.0,delta
15,0,2,0.0,delta,0.0,alpha,0.0,beta,0.0,beta,0.0,alpha,0.0,beta,0.0,alpha,0.0,beta,0.0,alpha,0.0,alpha,0.0,beta,0.0,beta
15,1,0,0.0,beta,0.0,beta,0.0,gamma,0.0,beta,0.0,beta,0.0,delta,0.0,delta,0.0,delta,0.0,gamma,0.0,gamma,0.0,delta,0.0,delta
16,0,0,0.0,beta,0.0,beta,0.0,beta,0.0,beta,0.0,alpha,0.0,beta,0.0,gamma,0.0,alpha,0.0,gamma,0.0,beta,0.0,gamma,0.0,alpha
16,0,1,0.0,beta,0.0,alpha,0.0,beta,0.0,beta,0.0,beta,0.0,gamma,0.0,beta,0.0,alpha,0.0,gamma,0.0,gamma,0.0,beta,0.0,beta
16,0,2,0.0,alpha,0.0,beta,0.0,beta,0.0,beta,0.0,alpha,0.0,beta,0.0,beta,0.0,beta,0.0,beta,0.0,gamma,0.0,beta,0.0,beta
16,1,0,0.0,alpha,0.0,beta,0.0,alpha,0.0,gamma,0.0,gamma,0.0,delta,0.0,delta,0.0,delta,0.0,alpha,0.0,gamma,0.0,gamma,0.0,beta
17,0,0,0.0,gamma,0.0,beta,0.0,beta,0.0,delta,0.0,delta,0.0,beta,0.0,delta,0.0,delta,0.0,delta,0.0,alpha,0.0,gamma,0.0,gamma
17,0,1,0.0,delta,0.0,delta,0.0,beta,0.0,delta,0.0,alpha,0.0,delta,0.0,delta,0.0,beta,0.0,delta,0.0,delta,0.0,beta,0.0,alpha
17,0,2,0.0,delta,0.0,delta,0.0,alpha,0.0,beta,0.0,beta,0.0,beta,0.0,delta,0.0,delta,0.0,beta,0.0,beta,0.0,beta,0.0,delta
17,1,0,0.0,alpha,0.0,beta,0.0,gamma,0.0,beta,0.0,alpha,0.0,delta,0.0,gamma,0.0,gamma,0.0,gamma,0.0,gamma,0.0,delta,0.0,gamma
18,0,0,0.0,gamma,0.0,alpha,0.0,beta,0.0,gamma,0.0,alpha,0.0,beta,0.0,alpha,0.0,delta,0.0,delta,0.0,delta,0.0,delta,0.0,delta
18,0,1,0.0,beta,0.0,alpha,0.0,alpha,0.0,beta,0.0,beta,0.0,alpha,0.0,beta,0.0,beta,0.0,beta,0.0,delta,0.0,delta,0.0,delta
18,0,2,0.0,beta,0.0,delta,0.0,delta,0.0,alpha,0.0,beta,0.0,delta,0.0,beta,0.0,delta,0.0,delta,0.0,beta,0.0,beta,0.0,delta
18,1,0,0.0,gamma,0.0,delta,0.0,gamma,0.0,delta,0.0,beta,0.0,alpha,0.0,delta,0.0,beta,0.0,gamma,0.0,alpha,0.0,delta,0.0,gamma
19,0,0,0.0,alpha,0.0,gamma,0.0,gamma,0.0,delta,0.0,beta,0.0,gamma,0.0,beta,0.0,alpha,0.0,delta,0.0,delta,0.0,beta,0.0,beta
19,0,1,0.0,gamma,0.0,beta,0.0,delta,0.0,beta,0.0,beta,0.0,beta,0.0,beta,0.0,beta,0.0,gamma,0.0,delta,0.0,alpha,0.0,delta
19,0,2,0.0,beta,0.0,beta,0.0,beta,0.0,beta,0.0,delta,0.0,beta,0.0,beta,0.0,beta,0.0,gamma,0.0,beta,0.0,delta,0.0,beta
19,1,0,0.0,beta,0.0,alpha,0.0,gamma,0.0,gamma,0.0,beta,0.0,gamma,0.0,alpha,0.0,delta,0.0,gamma,0.0,delta,0.0,beta,0.0,delta
20,0,0,0.0,beta,0.0,delta,0.0,alpha,0.0,alpha,0.0,alpha,0.0,gamma,0.0,alpha,0.0,alpha,0.0,alpha,0.0,delta,0.0,alpha,0.0,delta
20,0,1,0.0,delta,0.0,alpha,0.0,alpha,0.0,delta,0.0,alpha,0.0,alpha,0.0,alpha,0.0,delta,0.0,delta,0.0,alpha,0.0,beta,0.0,delta
20,0,2,0.0,delta,0.0,alpha,0.0,delta,0.0,delta,0.0,alpha,0.0,delta,0.0,delta,0.0,alpha,0.0,alpha,0.0,alpha,0.0,alpha,0.0,alpha
20,1,0,0.0,alpha,0.0,gamma,0.0,alpha,0.0,alpha,0.0,gamma,0.0,delta,0.0,beta,0.0,beta,0.0,delta,0.0,beta,0.0,alpha,0.0,gamma
21,0,0,0.0,gamma,0.0,delta,0.0,alpha,0.0,delta,0.0,beta,0.0,gamma,0.0,beta,0.0,delta,0.0,alpha,0.0,beta,0.0,gamma,0.0,delta
21,0,1,0.0,delta,0.0,alpha,0.0,alpha,0.0,beta,0.0,alpha,0.0,alpha,0.0,delta,0.0,beta,0.0,alpha,0.0,delta,0.0,beta,0.0,alpha
21,0,2,0.0,alpha,0.0,beta,0.0,alpha,0.0,beta,0.0,alpha,0.0,alpha,0.0,alpha,0.0,delta,0.0,alpha,0.0,alpha,0.0,alpha,0.0,alpha
21,1,0,0.0,beta,0.0,beta,0.0,beta,0.0,alpha,0.0,delta,0.0,beta,0.0,delta,0.0,beta,0.0,beta,0.0,delta,0.0,alpha,0.0,gamma
22,0,0,0.0,gamma,0.0,alpha,0.0,gamma,0.0,delta,0.0,alpha,0.0,beta,0.0,gamma,0.0,gamma,0.0,beta,0.0,delta,0.0,alpha,0.0,alpha
22,0,1,0.0,delta,0.0,delta,0.0,alpha,0.0,delta,0.0,gamma,0.0,gamma,0.0,delta,0.0,delta,0.0,beta,0.0,delta,0.0,alpha,0.0,gamma
22,0,2,0.0,delta,0.0,gamma,0.0,delta,0.0,delta,0.0,delta,0.0,delta,0.0,delta,0.0,delta,0.0,gamma,0.0,delta,0.0,delta,0.0,delta
22,1,0,0.0,alpha,0.0,gamma,0.0,gamma,0.0,delta,0.0,beta,0.0,beta,0.0,beta,0.0,beta,0.0,gamma,0.0,gamma,0.0,beta,0.0,beta
23,0,0,0.0,beta,0.0,beta,0.0,gamma,0.0,alpha,0.0,delta,0.0,delta,0.0,alpha,0.0,gamma,0.0,gamma,0.0,delta,0.0,alpha,0.0,alpha
23,0,1,0.0,alpha,0.0,alpha,0.0,delta,0.0,alpha,0.0,beta,0.0,beta,0.0,gamma,0.0,alpha,0.0,alpha,0.0,beta,0.0,alpha,0.0,beta
23,0,2,0.0,beta,0.0,gamma,0.0,alpha,0.0,alpha,0.0,alpha,0.0,beta,0.0,beta,0.0,alpha,0.0,alpha,0.0,beta,0.0,gamma,0.0,alpha
23,1,0,0.0,alpha,0.0,beta,0.0,gamma,0.0,gamma,0.0,gamma,0.0,beta,0.0,delta,0.0,gamma,0.0,gamma,0.0,alpha,0.0,alpha,0.0,gamma
24,0,0,0.0,delta,0.0,delta,0.0,beta,0.0,alpha,0.0,delta,0.0,delta,0.0,delta,0.0,alpha,0.0,delta,0.0,beta,0.0,alpha,0.0,beta
24,0,1,0.0,alpha,0.0,delta,0.0,delta,0.0,delta,0.0,beta,0.0,delta,0.0,delta,0.0,delta,0.0,delta,0.0,beta,0.0,beta,0.0,beta
24,0,2,0.0,beta,0.0,delta,0.0,delta,0.0,delta,0.0,delta,0.0,beta,0.0,delta,0.0,beta,0.0,beta,0.0,delta,0.0,beta,0.0,delta
24,1,0,0.0,delta,0.0,gamma,0.0,beta,0.0,gamma,0.0,beta,0.0,delta,0.0,delta,0.0,beta,0.0,gamma,0.0,alpha,0.0,beta,0.0,delta
25,0,0,0.0,beta,0.0,delta,0.0,beta,0.0,gamma,0.0,alpha,0.0,gamma,0.0,alpha,0.0,alpha,0.0,gamma,0.0,alpha,0.0,delta,0.0,alpha
25,0,1,0.0,alpha,0.0,alpha,0.0,beta,0.0,alpha,0.0,delta,0.0,alpha,0.0,gamma,0.0,alpha,0.0,delta,0.0,gamma,0.0,beta,0.0,beta
25,0,2,0.0,beta,0.0,beta,0.0,alpha,0.0,alpha,0.0,beta,0.0,alpha,0.0,alpha,0.0,alpha,0.0,delta,0.0,beta,0.0,beta,0.0,alpha
25,1,0,0.0,beta,0.0,delta,0.0,alpha,0.0,beta,0.0,delta,0.0,alpha,0.0,gamma,0.0,alpha,0.0,alpha,0.0,beta,0.0,delta,0.0,beta
26,0,0,0.0,alpha,0.0,beta,0.0,beta,0.0,delta,0.0,delta,0.0,gamma,0.0,alpha,0.0,alpha,0.0,gamma,0.0,gamma,0.0,beta,0.0,gamma
26,0,1,0.0,alpha,0.0,gamma,0.0,beta,0.0,gamma,0.0,alpha,0.0,alpha,0.0,beta,0.0,beta,0.0,alpha,0.0,alpha,0.0,gamma,0.0,alpha
26,0,2,0.0,alpha,0.0,alpha,0.0,alpha,0.0,alpha,0.0,alpha,0.0,alpha,0.0,gamma,0.0,beta,0.0,beta,0.0,beta,0.0,alpha,0.0,beta
26,1,0,0.0,alpha,0.0,beta,0.0,beta,0.0,beta,0.0,alpha,0.0,gamma,0.0,alpha,0.0,delta,0.0,beta,0.0,beta,0.0,beta,0.0,beta
27,0,0,0.0,beta,0.0,delta,0.0,beta,0.0,alpha,0.0,delta,0.0,alpha,0.0,alpha,0.0,alpha,0.0,delta,0.0,delta,0.0,gamma,0.0,gamma
27,0,1,0.0,alpha,0.0,alpha,0.0,beta,0.0,gamma,0.0,alpha,0.0,delta,0.0,alpha,0.0,alpha,0.0,beta,0.0,delta,0.0,alpha,0.0,beta
27,0,2,0.0,alpha,0.0,alpha,0.0,delta,0.0,alpha,0.0,beta,0.0,alpha,0.0,alpha,0.0,beta,0.0,alpha,0.0,alpha,0.0,alpha,0.0,alpha
27,1,0,0.0,beta,0.0,gamma,0.0,beta,0.0,gamma,0.0,gamma,0.0,gamma,0.0,alpha,0.0,beta,0.0,alpha,0.0,gamma,0.0,alpha,0.0,delta
28,0,0,0.0,gamma,0.0,gamma,0.0,alpha,0.0,delta,0.0,alpha,0.0,beta,0.0,alpha,0.0,delta,0.0,gamma,0.0,gamma,0.0,gamma,0.0,delta
28,0,1,0.0,gamma,0.0,beta,0.0,beta,0.0,gamma,0.0,delta,0.0,beta,0.0,delta,0.0,gamma,0.0,delta,0.0,beta,0.0,gamma,0.0,gamma
28,0,2,0.0,beta,0.0,beta,0.0,gamma,0.0,beta,0.0,gamma,0.0,gamma,0.0,beta,0.0,beta,0.0,gamma,0.0,beta,0.0,beta,0.0,delta
28,1,0,0.0,beta,0.0,alpha,0.0,alpha,0.0,beta,0.0,delta,0.0,gamma,0.0,alpha,0.0,beta,0.0,delta,0.0,gamma,0.0,beta,0.0,gamma
29,0,0,0.0,gamma,0.0,gamma,0.0,alpha,0.0,beta,0.0,alpha,0.0,gamma,0.0,alpha,0.0,delta,0.0,delta,0.0,beta,0.0,gamma,0.0,delta
29,0,1,0.0,gamma,0.0,beta,0.0,gamma,0.0,gamma,0.0,alpha,0.0,delta,0.0,beta,0.0,alpha,0.0,beta,0.0,delta,0.0,delta,0.0,beta
29,0,2,0.0,alpha,0.0,delta,0.0,alpha,0.0,alpha,0.0,beta,0.0,beta,0.0,beta,0.0,alpha,0.0,beta,0.0,alpha,0.0,beta,0.0,beta
29,1,0,0.0,gamma,0.0,gamma,0.0,gamma,0.0,delta,0.0,alpha,0.0,beta,0.0,gamma,0.0,delta,0.0,gamma,0.0,alpha,0.0,beta,0.0,alpha
30,0,0,0.0,gamma,0.0,gamma,0.0,delta,0.0,alpha,0.0,beta,0.0,alpha,0.0,gamma,0.0,gamma,0.0,delta,0.0,delta,0.0,gamma,0.0,beta
30,0,1,0.0,gamma,0.0,gamma,0.0,beta,0.0,delta,0.0,gamma,0.0,delta,0.0,alpha,0.0,beta,0.0,beta,0.0,beta,0.0,beta,0.0,delta
30,0,2,0.0,beta,0.0,gamma,0.0,delta,0.0,delta,0.0,beta,0.0,beta,0.0,beta,0.0,delta,0.0,beta,0.0,beta,0.0,beta,0.0,delta
30,1,0,0.0,delta,0.0,delta,0.0,gamma,0.0,gamma,0.0,gamma,0.0,alpha,0.0,delta,0.0,delta,0.0,alpha,0.0,gamma,0.0,delta,0.0,gamma
31,0,0,0.0,beta,0.0,gamma,0.0,alpha,0.0,gamma,0.0,gamma,0.0,delta,0.0,gamma,0.0,beta,0.0,delta,0.0,delta,0.0,delta,0.0,alpha
31,0,1,0.0,beta,0.0,alpha,0.0,gamma,0.0,beta,0.0,beta,0.0,beta,0.0,delta,0.0,gamma,0.0,beta,0.0,beta,0.0,delta,0.0,beta
31,0,2,0.0,gamma,0.0,delta,0.0,beta,0.0,beta,0.0,beta,0.0,beta,0.0,delta,0.0,beta,0.0,beta,0.0,delta,0.0,delta,0.0,delta
31,1,0,0.0,beta,0.0,beta,0.0,beta,0.0,delta,0.0,alpha,0.0,gamma,0.0,alpha,0.0,delta,0.0,alpha,0.0,alpha,0.0,alpha,0.0,alpha
32,0,0,0.0,delta,0.0,alpha,0.0,beta,0.0,gamma,0.0,gamma,0.0,delta,0.0,alpha,0.0,beta,0.0,beta,0.0,delta,0.0,beta,0.0,delta
32,0,1,0.0,beta,0.0,gamma,0.0,beta,0.0,delta,0.0,alpha,0.0,beta,0.0,gamma,0.0,alpha,0.0,alpha,0.0,beta,0.0,beta,0.0,beta
32,0,2,0.0,beta,0.0,beta,0.0,beta,0.0,beta,0.0,beta,0.0,beta,0.0,beta,0.0,beta,0.0,beta,0.0,alpha,0.0,beta,0.0,beta
32,1,0,0.0,alpha,0.0,gamma,0.0,delta,0.0,delta,0.0,delta,0.0,gamma,0.0,beta,0.0,beta,0.0,alpha,0.0,beta,0.0,alpha,0.0,alpha
33,0,0,0.0,gamma,0.0,gamma,0.0,gamma,0.0,delta,0.0,delta,0.0,alpha,0.0,delta,0.0,gamma,0.0,beta,0.0,beta,0.0,beta,0.0,gamma
33,0,1,0.0,beta,0.0,gamma,0.0,delta,0.0,delta,0.0,beta,0.0,delta,0.0,gamma,0.0,beta,0.0,alpha,0.0,beta,0.0,gamma,0.0,alpha
33,0,2,0.0,beta,0.0,beta,0.0,delta,0.0,delta,0.0,beta,0.0,alpha,0.0,beta,0.0,beta,0.0,beta,0.0,beta,0.0,beta,0.0,gamma
33,1,0,0.0,delta,0.0,gamma,0.0,delta,0.0,gamma,0.0,alpha,0.0,alpha,0.0,beta,0.0,gamma,0.0,delta,0.0,delta,0.0,gamma,0.0,gamma
34,0,0,0.0,alpha,0.0,alpha,0.0,alpha,0.0,beta,0.0,alpha,0.0,beta,0.0,gamma,0.0,beta,0.0,gamma,0.0,gamma,0.0,beta,0.0,alpha
34,0,1,0.0,alpha,0.0,beta,0.0,beta,0.0,beta,0.0,beta,0.0,alpha,0.0,beta,0.0,beta,0.0,beta,0.0,alpha,0.0,beta,0.0,alpha
34,0,2,0.0,beta,0.0,alpha,0.0,alpha,0.0,beta,0.0,beta,0.0,beta,0.0,alpha,0.0,alpha,0.0,beta,0.0,alpha,0.0,beta,0.0,alpha
34,1,0,0.0,alpha,0.0,gamma,0.0,gamma,0.0,delta,0.0,delta,0.0,gamma,0.0,alpha,0.0,alpha,0.0,gamma,0.0,alpha,0.0,delta,0.0,gamma
35,0,0,0.0,delta,0.0,beta,0.0,gamma,0.0,beta,0.0,alpha,0.0,alpha,0.0,delta,0.0,gamma,0.0,gamma,0.0,beta,0.0,beta,0.0,alpha
35,0,1,0.0,beta,0.0,beta,0.0,delta,0.0,gamma,0.0,gamma,0.0,beta,0.0,beta,0.0,beta,0.0,gamma,0.0,alpha,0.0,delta,0.0,alpha
35,0,2,0.0,beta,0.0,beta,0.0,beta,0.0,alpha,0.0,gamma,0.0,beta,0.0,beta,0.0,beta,0.0,delta,0.0,delta,0.0,beta,0.0,beta
35,1,0,0.0,alpha,0.0,gamma,0.0,alpha,0.0,beta,0.0,beta,0.0,beta,0.0,beta,0.0,alpha,0.0,delta,0.0,beta,0.0,delta,0.0,delta
36,0,0,0.0,beta,0.0,delta,0.0,alpha,0.0,alpha,0.0,delta,0.0,delta,0.0,alpha,0.0,gamma,0.0,delta,0.0,gamma,0.0,alpha,0.0,beta
36,0,1,0.0,alpha,0.0,alpha,0.0,delta,0.0,alpha,0.0,delta,0.0,beta,0.0,alpha,0.0,beta,0.0,beta,0.0,delta,0.0,delta,0.0,beta
36,0,2,0.0,beta,0.0,alpha,0.0,beta,0.0,beta,0.0,delta,0.0,beta,0.0,alpha,0.0,alpha,0.0,beta,0.0,delta,0.0,beta,0.0,alpha
36,1,0,0.0,gamma,0.0,beta,0.0,delta,0.0,beta,0.0,gamma,0.0,gamma,0.0,beta,0.0,gamma,0.0,alpha,0.0,delta,0.0,gamma,0.0,beta
37,0,0,0.0,alpha,0.0,gamma,0.0,beta,0.0,alpha,0.0,delta,0.0,gamma,0.0,delta,0.0,beta,0.0,alpha,0.0,delta,0.0,beta,0.0,alpha
37,0,1,0.0,beta,0.0,alpha,0.0,beta,0.0,beta,0.0,alpha,0.0,beta,0.0,beta,0.0,beta,0.0,delta,0.0,alpha,0.0,alpha,0.0,alpha
37,0,2,0.0,beta,0.0,beta,0.0,beta,0.0,alpha,0.0,delta,0.0,beta,0.0,beta,0.0,alpha,0.0,alpha,0.0,beta,0.0,alpha,0.0,beta
37,1,0,0.0,alpha,0.0,gamma,0.0,beta,0.0,gamma,0.0,delta,0.0,delta,0.0,alpha,0.0,gamma,0.0,beta,0.0,delta,0.0,beta,0.0,alpha
38,0,0,0.0,delta,0.0,delta,0.0,gamma,0.0,alpha,0.0,gamma,0.0,gamma,0.0,delta,0.0,gamma,0.0,delta,0.0,delta,0.0,beta,0.0,alpha
38,0,1,0.0,delta,0.0,delta,0.0,delta,0.0,gamma,0.0,delta,0.0,delta,0.0,gamma,0.0,gamma,0.0,gamma,0.0,delta,0.0,alpha,0.0,delta
38,0,2,0.0,delta,0.0,delta,0.0,gamma,0.0,gamma,0.0,delta,0.0,gamma,0.0,gamma,0.0,gamma,0.0,gamma,0.0,alpha,0.0,delta,0.0,alpha
38,1,0,0.0,gamma,0.0,alpha,0.0,alpha,0.0,gamma,0.0,delta,0.0,delta,0.0,beta,0.0,alpha,0.0,gamma,0.0,delta,0.0,gamma,0.0,delta
39,0,0,0.0,gamma,0.0,delta,0.0,alpha,0.0,beta,0.0,gamma,0.0,gamma,0.0,delta,0.0,beta,0.0,alpha,0.0,alpha,0.0,gamma,0.0,beta
39,0,1,0.0,gamma,0.0,beta,0.0,beta,0.0,beta,0.0,alpha,0.0,alpha,0.0,beta,0.0,gamma,0.0,beta,0.0,alpha,0.0,gamma,0.0,beta
39,0,2,0.0,gamma,0.0,beta,0.0,beta,0.0,beta,0.0,beta,0.0,beta,0.0,beta,0.0,alpha,0.0,alpha,0.0,beta,0.0,beta,0.0,alpha
39,1,0,0.0,alpha,0.0,delta,0.0,alpha,0.0,delta,0.0,beta,0.0,delta,0.0,alpha,0.0,delta,0.0,alpha,0.0,alpha,0.0,alpha,0.0,beta
40,0,0,0.0,alpha,0.0,delta,0.0,delta,0.0,gamma,0.0,gamma,0.0,gamma,0.0,delta,0.0,delta,0.0,delta,0.0,beta,0.0,gamma,0.0,gamma
40,0,1,0.0,beta,0.0,delta,0.0,delta,0.0,delta,0.0,delta,0.0,alpha,0.0,delta,0.0,delta,0.0,delta,0.0,gamma,0.0,beta,0.0,delta
40,0,2,0.0,beta,0.0,delta,0.0,alpha,0.0,delta,0.0,delta,0.0,beta,0.0,delta,0.0,alpha,0.0,beta,0.0,gamma,0.0,delta,0.0,delta
40,1,0,0.0,gamma,0.0,delta,0.0,beta,0.0,gamma,0.0,beta,0.0,beta,0.0,delta,0.0,alpha,0.0,alpha,0.0,alpha,0.0,delta,0.0,gamma
41,0,0,0.0,gamma,0.0,beta,0.0,gamma,0.0,gamma,0.0,delta,0.0,beta,0.0,gamma,0.0,alpha,0.0,gamma,0.0,alpha,0.0,delta,0.0,beta
41,0,1,0.0,gamma,0.0,gamma,0.0,alpha,0.0,gamma,0.0,delta,0.0,gamma,0.0,gamma,0.0,gamma,0.0,beta,0.0,beta,0.0,beta,0.0,beta
41,0,2,0.0,gamma,0.0,beta,0.0,beta,0.0,beta,0.0,delta,0.0,alpha,0.0,gamma,0.0,delta,0.0,delta,0.0,gamma,0.0,beta,0.0,gamma
41,1,0,0.0,gamma,0.0,beta,0.0,beta,0.0,beta,0.0,delta,0.0,gamma,0.0,beta,0.0,delta,0.0,delta,0.0,delta,0.0,alpha,0.0,delta
42,0,0,0.0,alpha,0.0,beta,0.0,delta,0.0,delta,0.0,delta,0.0,gamma,0.0,delta,0.0,gamma,0.0,gamma,0.0,delta,0.0,gamma,0.0,beta
42,0,1,0.0,delta,0.0,beta,0.0,delta,0.0,beta,0.0,delta,0.0,delta,0.0,delta,0.0,gamma,0.0,delta,0.0,gamma,0.0,delta,0.0,delta
42,0,2,0.0,delta,0.0,delta,0.0,delta,0.0,beta,0.0,beta,0.0,beta,0.0,beta,0.0,delta,0.0,delta,0.0,beta,0.0,delta,0.0,beta
42,1,0,0.0,alpha,0.0,gamma,0.0,alpha,0.0,gamma,0.0,gamma,0.0,beta,0.0,delta,0.0,beta,0.0,alpha,0.0,delta,0.0,gamma,0.0,beta
43,0,0,0.0,alpha,0.0,delta,0.0,gamma,0.0,delta,0.0,alpha,0.0,alpha,0.0,gamma,0.0,gamma,0.0,beta,0.0,gamma,0.0,alpha,0.0,alpha
43,0,1,0.0,beta,0.0,alpha,0.0,beta,0.0,beta,0.0,gamma,0.0,alpha,0.0,beta,0.0,alpha,0.0,beta,0.0,beta,0.0,alpha,0.0,gamma
43,0,2,0.0,beta,0.0,beta,0.0,alpha,0.0,beta,0.0,beta,0.0,gamma,0.0,alpha,0.0,beta,0.0,alpha,0.0,beta,0.0,beta,0.0,beta
43,1,0,0.0,delta,0.0,delta,0.0,gamma,0.0,gamma,0.0,beta,0.0,beta,0.0,beta,0.0,beta,0.0,beta,0.0,gamma,0.0,beta,0.0,gamma
44,0,0,0.0,gamma,0.0,gamma,0.0,beta,0.0,alpha,0.0,beta,0.0,beta,0.0,delta,0.0,beta,0.0,gamma,0.0,delta,0.0,delta,0.0,gamma
44,0,1,0.0,beta,0.0,delta,0.0,delta,0.0,delta,0.0,gamma,0.0,delta,0.0,beta,0.0,beta,0.0,delta,0.0,beta,0.0,beta,0.0,gamma
44,0,2,0.0,beta,0.0,delta,0.0,delta,0.0,beta,0.0,delta,0.0,beta,0.0,beta,0.0,delta,0.0,delta,0.0,delta,0.0,delta,0.0,delta
44,1,0,0.0,beta,0.0,delta,0.0,beta,0.0,gamma,0.0,delta,0.0,delta,0.0,gamma,0.0,beta,0.0,beta,0.0,alpha,0.0,delta,0.0,gamma
45,0,0,0.0,alpha,0.0,alpha,0.0,beta,0.0,gamma,0.0,delta,0.0,delta,0.0,delta,0.0,beta,0.0,delta,0.0,delta,0.0,alpha,0.0,gamma
45,0,1,0.0,delta,0.0,delta,0.0,beta,0.0,alpha,0.0,delta,0.0,alpha,0.0,beta,0.0,beta,0.0,beta,0.0,delta,0.0,delta,0.0,beta
45,0,2,0.0,beta,0.0,beta,0.0,delta,0.0,delta,0.0,beta,0.0,alpha,0.0,delta,0.0,beta,0.0,alpha,0.0,beta,0.0,beta,0.0,beta
45,1,0,0.0,beta,0.0,gamma,0.0,alpha,0.0,alpha,0.0,delta,0.0,alpha,0.0,beta,0.0,gamma,0.0,beta,0.0,alpha,0.0,beta,0.0,alpha
46,0,0,0.0,delta,0.0,beta,0.0,gamma,0.0,alpha,0.0,delta,0.0,alpha,0.0,delta,0.0,delta,0.0,beta,0.0,delta,0.0,gamma,0.0,delta
46,0,1,0.0,beta,0.0,gamma,0.0,delta,0.0,delta,0.0,gamma,0.0,delta,0.0,beta,0.0,alpha,0.0,delta,0.0,gamma,0.0,beta,0.0,delta
46,0,2,0.0,delta,0.0,beta,0.0,delta,0.0,beta,0.0,beta,0.0,gamma,0.0,delta,0.0,beta,0.0,beta,0.0,delta,0.0,delta,0.0,delta
46,1,0,0.0,alpha,0.0,alpha,0.0,beta,0.0,alpha,0.0,delta,0.0,beta,0.0,delta,0.0,beta,0.0,gamma,0.0,delta,0.0,gamma,0.0,alpha
47,0,0,0.0,alpha,0.0,delta,0.0,alpha,0.0,gamma,0.0,gamma,0.0,delta,0.0,delta,0.0,beta,0.0,alpha,0.0,gamma,0.0,alpha,0.0,gamma
47,0,1,0.0,delta,0.0,delta,0.0,beta,0.0,alpha,0.0,delta,0.0,alpha,0.0,delta,0.0,alpha,0.0,delta,0.0,alpha,0.0,alpha,0.0,alpha
47,0,2,0.0,alpha,0.0,delta,0.0,alpha,0.0,alpha,0.0,beta,0.0,alpha,0.0,beta,0.0,beta,0.0,alpha,0.0,alpha,0.0,beta,0.0,alpha
47,1,0,0.0,alpha,0.0,beta,0.0,delta,0.0,beta,0.0,gamma,0.0,alpha,0.0,delta,0.0,delta,0.0,delta,0.0,gamma,0.0,gamma,0.0,gamma
48,0,0,0.0,delta,0.0,beta,0.0,beta,0.0,alpha,0.0,alpha,0.0,beta,0.0,beta,0.0,gamma,0.0,delta,0.0,alpha,0.0,beta,0.0,alpha
48,0,1,0.0,delta,0.0,beta,0.0,beta,0.0,alpha,0.0,beta,0.0,beta,0.0,beta,0.0,alpha,0.0,beta,0.0,beta,0.0,beta,0.0,alpha
48,0,2,0.0,alpha,0.0,alpha,0.0,alpha,0.0,delta,0.0,alpha,0.0,beta,0.0,beta,0.0,beta,0.0,beta,0.0,alpha,0.0,alpha,0.0,alpha
48,1,0,0.0,beta,0.0,alpha,0.0,alpha,0.0,gamma,0.0,beta,0.0,beta,0.0,delta,0.0,alpha,0.0,beta,0.0,delta,0.0,delta,0.0,beta
49,0,0,0.0,beta,0.0,gamma,0.0,alpha,0.0,alpha,0.0,alpha,0.0,alpha,0.0,delta,0.0,alpha,0.0,beta,0.0,gamma,0.0,delta,0.0,gamma
49,0,1,0.0,alpha,0.0,beta,0.0,gamma,0.0,gamma,0.0,alpha,0.0,alpha,0.0,alpha,0.0,alpha,0.0,alpha,0.0,alpha,0.0,beta,0.0,alpha
49,0,2,0.0,alpha,0.0,alpha,0.0,alpha,0.0,alpha,0.0,beta,0.0,alpha,0.0,alpha,0.0,alpha,0.0,alpha,0.0,alpha,0.0,alpha,0.0,gamma
49,1,0,0.0,beta,0.0,gamma,0.0,alpha,0.0,delta,0.0,gamma,0.0,alpha,0.0,beta,0.0,gamma,0.0,gamma,0.0,beta,0.0,alpha,0.0,beta
50,0,0,0.0,delta,0.0,alpha,0.0,alpha,0.0,gamma,0.0,alpha,0.0,beta,0.0,beta,0.0,delta,0.0,beta,0.0,gamma,0.0,alpha,0.0,alpha
50,0,1,0.0,beta,0.0,beta,0.0,alpha,0.0,alpha,0.0,alpha,0.0,beta,0.0,delta,0.0,alpha,0.0,alpha,0.0,gamma,0.0,beta,0.0,alpha
50,0,2,0.0,alpha,0.0,alpha,0.0,beta,0.0,beta,0.0,alpha,0.0,alpha,0.0,alpha,0.0,alpha,0.0,alpha,0.0,alpha,0.0,beta,0.0,alpha
50,1,0,0.0,gamma,0.0,gamma,0.0,alpha,0.0,delta,0.0,alpha,0.0,beta,0.0,delta,0.0,gamma,0.0,delta,0.0,gamma,0.0,delta,0.0,beta
51,0,0,0.0,beta,0.0,delta,0.0,alpha,0.0,gamma,0.0,alpha,0.0,beta,0.0,delta,0.0,alpha,0.0,beta,0.0,delta,0.0,delta,0.0,delta
51,0,1,0.0,delta,0.0,delta,0.0,alpha,0.0,beta,0.0,beta,0.0,alpha,0.0,alpha,0.0,beta,0.0,gamma,0.0,beta,0.0,delta,0.0,delta
51,0,2,0.0,alpha,0.0,beta,0.0,delta,0.0,delta,0.0,delta,0.0,delta,0.0,gamma,0.0,alpha,0.0,delta,0.0,beta,0.0,beta,0.0,alpha
51,1,0,0.0,delta,0.0,gamma,0.0,alpha,0.0,beta,0.0,beta,0.0,gamma,0.0,alpha,0.0,beta,0.0,delta,0.0,delta,0.0,alpha,0.0,alpha
52,0,0,0.0,beta,0.0,delta,0.0,delta,0.0,delta,0.0,gamma,0.0,delta,0.0,delta,0.0,alpha,0.0,alpha,0.0,gamma,0.0,delta,0.0,gamma
52,0,1,0.0,gamma,0.0,gamma,0.0,beta,0.0,alpha,0.0,delta,0.0,beta,0.0,alpha,0.0,alpha,0.0,alpha,0.0,gamma,0.0,beta,0.0,beta
52,0,2,0.0,beta,0.0,delta,0.0,alpha,0.0,alpha,0.0,beta,0.0,beta,0.0,alpha,0.0,gamma,0.0,alpha,0.0,beta,0.0,alpha,0.0,alpha
52,1,0,0.0,alpha,0.0,gamma,0.0,delta,0.0,gamma,0.0,beta,0.0,gamma,0.0,gamma,0.0,gamma,0.0,gamma,0.0,beta,0.0,alpha,0.0,delta
53,0,0,0.0,gamma,0.0,beta,0.0,delta,0.0,delta,0.0,beta,0.0,delta,0.0,alpha,0.0,delta,0.0,delta,0.0,delta,0.0,gamma,0.0,delta
53,0,1,0.0,beta,0.0,delta,0.0,beta,0.0,beta,0.0,delta,0.0,beta,0.0,beta,0.0,delta,0.0,delta,0.0,delta,0.0,delta,0.0,delta
53,0,2,0.0,delta,0.0,delta,0.0,delta,0.0,delta,0.0,delta,0.0,delta,0.0,beta,0.0,beta,0.0,delta,0.0,delta,0.0,beta,0.0,delta
53,1,0,0.0,delta,0.0,delta,0.0,alpha,0.0,alpha,0.0,gamma,0.0,alpha,0.0,gamma,0.0,delta,0.0,alpha,0.0,delta,0.0,delta,0.0,beta
54,0,0,0.0,delta,0.0,alpha,0.0,alpha,0.0,alpha,0.0,delta,0.0,delta,0.0,delta,0.0,delta,0.0,gamma,0.0,gamma,0.0,alpha,0.0,beta
54,0,1,0.0,beta,0.0,alpha,0.0,beta,0.0,delta,0.0,alpha,0.0,alpha,0.0,beta,0.0,alpha,0.0,delta,0.0,delta,0.0,delta,0.0,delta
54,0,2,0.0,delta,0.0,alpha,0.0,alpha,0.0,delta,0.0,beta,0.0,beta,0.0,delta,0.0,alpha,0.0,alpha,0.0,beta,0.0,alpha,0.0,delta
54,1,0,0.0,gamma,0.0,beta,0.0,beta,0.0,gamma,0.0,gamma,0.0,beta,0.0,alpha,0.0,delta,0.0,beta,0.0,gamma,0.0,gamma,0.0,delta
55,0,0,0.0,alpha,0.0,alpha,0.0,beta,0.0,alpha,0.0,delta,0.0,beta,0.0,delta,0.0,alpha,0.0,gamma,0.0,gamma,0.0,alpha,0.0,alpha
55,0,1,0.0,alpha,0.0,alpha,0.0,alpha,0.0,alpha,0.0,beta,0.0,gamma,0.0,beta,0.0,alpha,0.0,alpha,0.0,beta,0.0,alpha,0.0,beta
55,0,2,0.0,alpha,0.0,alpha,0.0,alpha,0.0,beta,0.0,beta,0.0,beta,0.0,beta,0.0,beta,0.0,alpha,0.0,beta,0.0,alpha,0.0,alpha
55,1,0,0.0,gamma,0.0,alpha,0.0,gamma,0.0,gamma,0.0,alpha,0.0,alpha,0.0,beta,0.0,beta,0.0,gamma,0.0,alpha,0.0,alpha,0.0,alpha
56,0,0,0.0,gamma,0.0,gamma,0.0,alpha,0.0,gamma,0.0,beta,0.0,gamma,0.0,gamma,0.0,gamma,0.0,gamma,0.0,beta,0.0,delta,0.0,alpha
56,0,1,0.0,gamma,0.0,gamma,0.0,gamma,0.0,gamma,0.0,gamma,0.0,beta,0.0,delta,0.0,gamma,0.0,alpha,0.0,gamma,0.0,gamma,0.0,delta
56,0,2,0.0,gamma,0.0,beta,0.0,gamma,0.0,gamma,0.0,gamma,0.0,alpha,0.0,gamma,0.0,gamma,0.0,gamma,0.0,gamma,0.0,gamma,0.0,gamma
56,1,0,0.0,gamma,0.0,alpha,0.0,beta,0.0,gamma,0.0,delta,0.0,delta,0.0,alpha,0.0,gamma,0.0,delta,0.0,gamma,0.0,gamma,0.0,alpha
57,0,0,0.0,delta,0.0,delta,0.0,gamma,0.0,alpha,0.0,beta,0.0,gamma,0.0,delta,0.0,alpha,0.0,beta,0.0,alpha,0.0,beta,0.0,gamma
57,0,1,0.0,alpha,0.0,beta,0.0,beta,0.0,delta,0.0,beta,0.0,gamma,0.0,gamma,0.0,delta,0.0,beta,0.0,gamma,0.0,gamma,0.0,alpha
57,0,2,0.0,beta,0.0,beta,0.0,alpha,0.0,beta,0.0,beta,0.0,beta,0.0,beta,0.0,beta,0.0,beta,0.0,alpha,0.0,alpha,0.0,delta
57,1,0,0.0,gamma,0.0,gamma,0.0,gamma,0.0,gamma,0.0,alpha,0.0,alpha,0.0,beta,0.0,delta,0.0,gamma,0.0,beta,0.0,beta,0.0,delta
58,0,0,0.0,delta,0.0,alpha,0.0,gamma,0.0,gamma,0.0,gamma,0.0,delta,0.0,beta,0.0,alpha,0.0,delta,0.0,alpha,0.0,gamma,0.0,gamma
58,0,1,0.0,gamma,0.0,alpha,0.0,alpha,0.0,alpha,0.0,gamma,0.0,beta,0.0,gamma,0.0,delta,0.0,alpha,0.0,alpha,0.0,delta,0.0,delta
58,0,2,0.0,delta,0.0,alpha,0.0,beta,0.0,beta,0.0,alpha,0.0,alpha,0.0,alpha,0.0,delta,0.0,delta,0.0,alpha,0.0,beta,0.0,alpha
58,1,0,0.0,delta,0.0,beta,0.0,delta,0.0,alpha,0.0,alpha,0.0,delta,0.0,beta,0.0,gamma,0.0,delta,0.0,beta,0.0,beta,0.0,gamma
59,0,0,0.0,gamma,0.0,alpha,0.0,delta,0.0,gamma,0.0,gamma,0.0,alpha,0.0,alpha,0.0,gamma,0.0,delta,0.0,beta,0.0,gamma,0.0,gamma
59,0,1,0.0,gamma,0.0,gamma,0.0,beta,0.0,gamma,0.0,gamma,0.0,gamma,0.0,gamma,0.0,gamma,0.0,gamma,0.0,gamma,0.0,beta,0.0,gamma
59,0,2,0.0,gamma,0.0,gamma,0.0,beta,0.0,gamma,0.0,gamma,0.0,gamma,0.0,gamma,0.0,gamma,0.0,gamma,0.0,gamma,0.0,gamma,0.0,gamma
59,1,0,0.0,beta,0.0,beta,0.0,gamma,0.0,delta,0.0,alpha,0.0,alpha,0.0,gamma,0.0,beta,0.0,alpha,0.0,beta,0.0,beta,0.0,delta
60,0,0,0.0,alpha,0.0,alpha,0.0,delta,0.0,gamma,0.0,gamma,0.0,alpha,0.0,delta,0.0,delta,0.0,delta,0.0,beta,0.0,alpha,0.0,delta
60,0,1,0.0,delta,0.0,beta,0.0,beta,0.0,delta,0.0,alpha,0.0,delta,0.0,alpha,0.0,delta,0.0,beta,0.0,gamma,0.0,delta,0.0,alpha
60,0,2,0.0,beta,0.0,delta,0.0,beta,0.0,beta,0.0,delta,0.0,beta,0.0,delta,0.0,beta,0.0,beta,0.0,alpha,0.0,beta,0.0,alpha
60,1,0,0.0,delta,0.0,delta,0.0,gamma,0.0,beta,0.0,gamma,0.0,alpha,0.0,gamma,0.0,gamma,0.0,alpha,0.0,beta,0.0,beta,0.0,delta
61,0,0,0.0,gamma,0.0,delta,0.0,delta,0.0,delta,0.0,beta,0.0,beta,0.0,gamma,0.0,beta,0.0,alpha,0.0,alpha,0.0,alpha,0.0,gamma
61,0,1,0.0,beta,0.0,gamma,0.0,delta,0.0,beta,0.0,alpha,0.0,beta,0.0,delta,0.0,beta,0.0,beta,0.0,beta,0.0,beta,0.0,alpha
61,0,2,0.0,beta,0.0,beta,0.0,beta,0.0,beta,0.0,beta,0.0,beta,0.0,beta,0.0,beta,0.0,beta,0.0,beta,0.0,alpha,0.0,beta
61,1,0,0.0,gamma,0.0,delta,0.0,beta,0.0,gamma,0.0,beta,0.0,alpha,0.0,beta,0.0,beta,0.0,delta,0.0,gamma,0.0,alpha,0.0,delta
62,0,0,0.0,beta,0.0,gamma,0.0,gamma,0.0,gamma,0.0,delta,0.0,delta,0.0,beta,0.0,beta,0.0,delta,0.0,delta,0.0,delta,0.0,gamma
62,0,1,0.0,beta,0.0,beta,0.0,delta,0.0,delta,0.0,gamma,0.0,delta,0.0,delta,0.0,beta,0.0,beta,0.0,beta,0.0,delta,0.0,delta
62,0,2,0.0,beta,0.0,delta,0.0,delta,0.0,beta,0.0,delta,0.0,delta,0.0,beta,0.0,delta,0.0,beta,0.0,delta,0.0,beta,0.0,delta
62,1,0,0.0,alpha,0.0,beta,0.0,alpha,0.0,delta,0.0,alpha,0.0,alpha,0.0,gamma,0.0,delta,0.0,alpha,0.0,gamma,0.0,alpha,0.0,gamma
63,0,0,0.0,gamma,0.0,alpha,0.0,beta,0.0,gamma,0.0,alpha,0.0,beta,0.0,gamma,0.0,gamma,0.0,delta,0.0,delta,0.0,beta,0.0,delta
63,0,1,0.0,alpha,0.0,alpha,0.0,beta,0.0,gamma,0.0,beta,0.0,alpha,0.0,beta,0.0,beta,0.0,beta,0.0,beta,0.0,gamma,0.0,gamma
63,0,2,0.0,alpha,0.0,gamma,0.0,beta,0.0,beta,0.0,beta,0.0,alpha,0.0,beta,0.0,beta,0.0,beta,0.0,beta,0.0,beta,0.0,alpha
63,1,0,0.0,alpha,0.0,delta,0.0,delta,0.0,gamma,0.0,delta,0.0,delta,0.0,delta,0.0,delta,0.0,beta,0.0,delta,0.0,delta,0.0,delta
64,0,0,0.0,beta,0.0,alpha,0.0,beta,0.0,beta,0.0,alpha,0.0,gamma,0.0,delta,0.0,alpha,0.0,delta,0.0,gamma,0.0,gamma,0.0,delta
64,0,1,0.0,beta,0.0,beta,0.0,delta,0.0,gamma,0.0,alpha,0.0,delta,0.0,delta,0.0,delta,0.0,delta,0.0,beta,0.0,delta,0.0,beta
64,0,2,0.0,delta,0.0,beta,0.0,beta,0.0,beta,0.0,delta,0.0,delta,0.0,beta,0.0,beta,0.0,beta,0.0,beta,0.0,delta,0.0,beta
64,1,0,0.0,alpha,0.0,beta,0.0,alpha,0.0,gamma,0.0,alpha,0.0,gamma,0.0,beta,0.0,delta,0.0,beta,0.0,gamma,0.0,gamma,0.0,delta
65,0,0,0.0,beta,0.0,beta,0.0,gamma,0.0,beta,0.0,beta,0.0,delta,0.0,gamma,0.0,alpha,0.0,beta,0.0,beta,0.0,delta,0.0,delta
65,0,1,0.0,beta,0.0,gamma,0.0,beta,0.0,beta,0.0,delta,0.0,beta,0.0,beta,0.0,beta,0.0,beta,0.0,beta,0.0,beta,0.0,beta
65,0,2,0.0,beta,0.0,beta,0.0,beta,0.0,beta,0.0,beta,0.0,beta,0.0,beta,0.0,beta,0.0,beta,0.0,beta,0.0,beta,0.0,beta
65,1,0,0.0,beta,0.0,beta,0.0,delta,0.0,alpha,0.0,beta,0.0,gamma,0.0,beta,0.0,gamma,0.0,gamma,0.0,alpha,0.0,delta,0.0,alpha
66,0,0,0.0,gamma,0.0,alpha,0.0,delta,0.0,gamma,0.0,delta,0.0,gamma,0.0,delta,0.0,gamma,0.0,delta,0.0,alpha,0.0,gamma,0.0,beta
66,0,1,0.0,delta,0.0,gamma,0.0,beta,0.0,alpha,0.0,gamma,0.0,gamma,0.0,gamma,0.0,delta,0.0,gamma,0.0,alpha,0.0,beta,0.0,delta
66,0,2,0.0,delta,0.0,gamma,0.0,gamma,0.0,beta,0.0,gamma,0.0,gamma,0.0,gamma,0.0,delta,0.0,delta,0.0,delta,0.0,alpha,0.0,beta
66,1,0,0.0,beta,0.0,beta,0.0,alpha,0.0,alpha,0.0,beta,0.0,beta,0.0,alpha,0.0,delta,0.0,alpha,0.0,alpha,0.0,alpha,0.0,beta
67,0,0,0.0,alpha,0.0,delta,0.0,gamma,0.0,beta,0.0,delta,0.0,alpha,0.0,alpha,0.0,delta,0.0,beta,0.0,beta,0.0,gamma,0.0,beta
67,0,1,0.0,beta,0.0,beta,0.0,alpha,0.0,delta,0.0,beta,0.0,alpha,0.0,delta,0.0,beta,0.0,alpha,0.0,delta,0.0,alpha,0.0,beta
67,0,2,0.0,alpha,0.0,alpha,0.0,alpha,0.0,beta,0.0,alpha,0.0,alpha,0.0,beta,0.0,delta,0.0,beta,0.0,alpha,0.0,alpha,0.0,beta
67,1,0,0.0,gamma,0.0,alpha,0.0,beta,0.0,gamma,0.0,beta,0.0,delta,0.0,beta,0.0,gamma,0.0,beta,0.0,gamma,0.0,delta,0.0,alpha
68,0,0,0.0,alpha,0.0,alpha,0.0,delta,0.0,beta,0.0,alpha,0.0,alpha,0.0,delta,0.0,delta,0.0,delta,0.0,beta,0.0,alpha,0.0,beta
68,0,1,0.0,alpha,0.0,alpha,0.0,beta,0.0,beta,0.0,alpha,0.0,alpha,0.0,alpha,0.0,alpha,0.0,alpha,0.0,alpha,0.0,beta,0.0,delta
68,0,2,0.0,beta,0.0,alpha,0.0,alpha,0.0,delta,0.0,alpha,0.0,delta,0.0,alpha,0.0,alpha,0.0,beta,0.0,alpha,0.0,beta,0.0,alpha
68,1,0,0.0,alpha,0.0,alpha,0.0,beta,0.0,delta,0.0,alpha,0.0,gamma,0.0,beta,0.0,delta,0.0,gamma,0.0,beta,0.0,alpha,0.0,gamma
69,0,0,0.0,beta,0.0,delta,0.0,gamma,0.0,alpha,0.0,delta,0.0,gamma,0.0,gamma,0.0,beta,0.0,alpha,0.0,gamma,0.0,alpha,0.0,beta
69,0,1,0.0,beta,0.0,delta,0.0,gamma,0.0,delta,0.0,delta,0.0,beta,0.0,beta,0.0,delta,0.0,gamma,0.0,beta,0.0,beta,0.0,beta
69,0,2,0.0,beta,0.0,delta,0.0,delta,0.0,delta,0.0,beta,0.0,beta,0.0,delta,0.0,beta,0.0,beta,0.0,beta,0.0,delta,0.0,delta
69,1,0,0.0,delta,0.0,gamma,0.0,alpha,0.0,alpha,0.0,gamma,0.0,gamma,0.0,gamma,0.0,beta,0.0,alpha,0.0,gamma,0.0,alpha,0.0,alpha
70,0,0,0.0,gamma,0.0,beta,0.0,gamma,0.0,alpha,0.0,gamma,0.0,beta,0.0,beta,0.0,delta,0.0,delta,0.0,gamma,0.0,gamma,0.0,alpha
70,0,1,0.0,delta,0.0,gamma,0.0,delta,0.0,delta,0.0,delta,0.0,beta,0.0,beta,0.0,delta,0.0,gamma,0.0,alpha,0.0,alpha,0.0,gamma
70,0,2,0.0,alpha,0.0,gamma,0.0,delta,0.0,delta,0.0,delta,0.0,alpha,0.0,alpha,0.0,alpha,0.0,alpha,0.0,delta,0.0,gamma,0.0,alpha
70,1,0,0.0,beta,0.0,alpha,0.0,alpha,0.0,gamma,0.0,alpha,0.0,beta,0.0,alpha,0.0,beta,0.0,delta,0.0,beta,0.0,gamma,0.0,gamma
71,0,0,0.0,beta,0.0,beta,0.0,beta,0.0,gamma,0.0,alpha,0.0,delta,0.0,beta,0.0,delta,0.0,alpha,0.0,beta,0.0,delta,0.0,beta
71,0,1,0.0,gamma,0.0,delta,0.0,beta,0.0,beta,0.0,delta,0.0,delta,0.0,beta,0.0,delta,0.0,beta,0.0,beta,0.0,beta,0.0,delta
71,0,2,0.0,delta,0.0,beta,0.0,beta,0.0,delta,0.0,beta,0.0,beta,0.0,delta,0.0,beta,0.0,beta,0.0,beta,0.0,beta,0.0,beta
71,1,0,0.0,alpha,0.0,beta,0.0,gamma,0.0,beta,0.0,gamma,0.0,delta,0.0,delta,0.0,beta,0.0,gamma,0.0,alpha,0.0,beta,0.0,delta
72,0,0,0.0,beta,0.0,alpha,0.0,beta,0.0,delta,0.0,gamma,0.0,delta,0.0,beta,0.0,delta,0.0,alpha,0.0,gamma,0.0,beta,0.0,alpha
72,0,1,0.0,beta,0.0,beta,0.0,beta,0.0,delta,0.0,delta,0.0,alpha,0.0,beta,0.0,beta,0.0,beta,0.0,alpha,0.0,delta,0.0,delta
72,0,2,0.0,delta,0.0,alpha,0.0,beta,0.0,delta,0.0,delta,0.0,beta,0.0,beta,0.0,delta,0.0,delta,0.0,delta,0.0,delta,0.0,beta
72,1,0,0.0,delta,0.0,delta,0.0,delta,0.0,alpha,0.0,gamma,0.0,beta,0.0,delta,0.0,gamma,0.0,alpha,0.0,alpha,0.0,delta,0.0,alpha
73,0,0,0.0,beta,0.0,beta,0.0,beta,0.0,gamma,0.0,alpha,0.0,gamma,0.0,alpha,0.0,delta,0.0,beta,0.0,beta,0.0,alpha,0.0,alpha
73,0,1,0.0,gamma,0.0,alpha,0.0,alpha,0.0,beta,0.0,beta,0.0,beta,0.0,beta,0.0,alpha,0.0,beta,0.0,alpha,0.0,alpha,0.0,gamma
73,0,2,0.0,alpha,0.0,alpha,0.0,alpha,0.0,beta,0.0,alpha,0.0,alpha,0.0,alpha,0.0,alpha,0.0,alpha,0.0,alpha,0.0,alpha,0.0,beta
73,1,0,0.0,beta,0.0,alpha,0.0,delta,0.0,gamma,0.0,beta,0.0,gamma,0.0,gamma,0.0,delta,0.0,alpha,0.0,delta,0.0,delta,0.0,gamma
74,0,0,0.0,gamma,0.0,gamma,0.0,delta,0.0,gamma,0.0,beta,0.0,delta,0.0,gamma,0.0,beta,0.0,alpha,0.0,delta,0.0,delta,0.0,beta
74,0,1,0.0,delta,0.0,delta,0.0,beta,0.0,gamma,0.0,delta,0.0,delta,0.0,beta,0.0,gamma,0.0,gamma,0.0,beta,0.0,beta,0.0,alpha
74,0,2,0.0,delta,0.0,beta,0.0,delta,0.0,beta,0.0,gamma,0.0,delta,0.0,delta,0.0,gamma,0.0,delta,0.0,gamma,0.0,delta,0.0,delta
74,1,0,0.0,alpha,0.0,delta,0.0,alpha,0.0,gamma,0.0,delta,0.0,delta,0.0,alpha,0.0,beta,0.0,beta,0.0,gamma,0.0,alpha,0.0,beta
75,0,0,0.0,beta,0.0,alpha,0.0,delta,0.0,alpha,0.0,beta,0.0,delta,0.0,delta,0.0,alpha,0.0,delta,0.0,beta,0.0,alpha,0.0,gamma
75,0,1,0.0,beta,0.0,alpha,0.0,delta,0.0,beta,0.0,alpha,0.0,beta,0.0,delta,0.0,delta,0.0,beta,0.0,alpha,0.0,alpha,0.0,alpha
75,0,2,0.0,delta,0.0,alpha,0.0,alpha,0.0,alpha,0.0,beta,0.0,alpha,0.0,alpha,0.0,alpha,0.0,alpha,0.0,beta,0.0,delta,0.0,beta
75,1,0,0.0,delta,0.0,delta,0.0,delta,0.0,beta,0.0,alpha,0.0,alpha,0.0,gamma,0.0,beta,0.0,gamma,0.0,beta,0.0,delta,0.0,gamma
76,0,0,0.0,alpha,0.0,alpha,0.0,gamma,0.0,beta,0.0,beta,0.0,delta,0.0,beta,0.0,alpha,0.0,delta,0.0,gamma,0.0,alpha,0.0,alpha
76,0,1,0.0,alpha,0.0,delta,0.0,delta,0.0,gamma,0.0,beta,0.0,beta,0.0,beta,0.0,alpha,0.0,delta,0.0,alpha,0.0,alpha,0.0,alpha
76,0,2,0.0,delta,0.0,delta,0.0,delta,0.0,delta,0.0,alpha,0.0,alpha,0.0,alpha,0.0,alpha,0.0,alpha,0.0,delta,0.0,alpha,0.0,alpha
76,1,0,0.0,gamma,0.0,alpha,0.0,gamma,0.0,beta,0.0,beta,0.0,gamma,0.0,alpha,0.0,gamma,0.0,delta,0.0,gamma,0.0,gamma,0.0,alpha
77,0,0,0.0,delta,0.0,gamma,0.0,beta,0.0,delta,0.0,delta,0.0,beta,0.0,beta,0.0,gamma,0.0,beta,0.0,delta,0.0,gamma,0.0,alpha
77,0,1,0.0,beta,0.0,beta,0.0,delta,0.0,beta,0.0,delta,0.0,delta,0.0,beta,0.0,delta,0.0,delta,0.0,beta,0.0,beta,0.0,gamma
77,0,2,0.0,beta,0.0,beta,0.0,beta,0.0,delta,0.0,delta,0.0,beta,0.0,beta,0.0,delta,0.0,beta,0.0,delta,0.0,delta,0.0,beta
77,1,0,0.0,gamma,0.0,alpha,0.0,gamma,0.0,gamma,0.0,gamma,0.0,delta,0.0,gamma,0.0,delta,0.0,alpha,0.0,beta,0.0,delta,0.0,beta
78,0,0,0.0,alpha,0.0,alpha,0.0,gamma,0.0,alpha,0.0,alpha,0.0,delta,0.0,alpha,0.0,beta,0.0,delta,0.0,beta,0.0,delta,0.0,delta
78,0,1,0.0,alpha,0.0,delta,0.0,delta,0.0,alpha,0.0,beta,0.0,beta,0.0,delta,0.0,delta,0.0,delta,0.0,delta,0.0,delta,0.0,alpha
78,0,2,0.0,beta,0.0,delta,0.0,delta,0.0,delta,0.0,alpha,0.0,delta,0.0,delta,0.0,alpha,0.0,alpha,0.0,alpha,0.0,alpha,0.0,alpha
78,1,0,0.0,delta,0.0,beta,0.0,gamma,0.0,beta,0.0,gamma,0.0,gamma,0.0,beta,0.0,beta,0.0,gamma,0.0,delta,0.0,alpha,0.0,delta
79,0,0,0.0,gamma,0.0,gamma,0.0,beta,0.0,gamma,0.0,delta,0.0,beta,0.0,alpha,0.0,beta,0.0,alpha,0.0,gamma,0.0,beta,0.0,delta
79,0,1,0.0,beta,0.0,beta,0.0,beta,0.0,beta,0.0,gamma,0.0,alpha,0.0,beta,0.0,beta,0.0,beta,0.0,delta,0.0,delta,0.0,beta
79,0,2,0.0,delta,0.0,beta,0.0,beta,0.0,beta,0.0,alpha,0.0,beta,0.0,beta,0.0,gamma,0.0,beta,0.0,delta,0.0,beta,0.0,beta
79,1,0,0.0,beta,0.0,beta,0.0,delta,0.0,alpha,0.0,delta,0.0,gamma,0.0,delta,0.0,gamma,0.0,alpha,0.0,delta,0.0,beta,0.0,delta
80,0,0,0.0,delta,0.0,alpha,0.0,alpha,0.0,gamma,0.0,gamma,0.0,delta,0.0,beta,0.0,gamma,0.0,beta,0.0,beta,0.0,gamma,0.0,delta
80,0,1,0.0,alpha,0.0,beta,0.0,delta,0.0,delta,0.0,beta,0.0,beta,0.0,alpha,0.0,beta,0.0,delta,0.0,delta,0.0,delta,0.0,alpha
80,0,2,0.0,delta,0.0,delta,0.0,beta,0.0,beta,0.0,delta,0.0,alpha,0.0,beta,0.0,delta,0.0,alpha,0.0,delta,0.0,beta,0.0,delta
80,1,0,0.0,gamma,0.0,alpha,0.0,beta,0.0,gamma,0.0,beta,0.0,beta,0.0,alpha,0.0,alpha,0.0,gamma,0.0,beta,0.0,beta,0.0,beta
81,0,0,0.0,gamma,0.0,beta,0.0,beta,0.0,alpha,0.0,delta,0.0,delta,0.0,beta,0.0,gamma,0.0,beta,0.0,beta,0.0,gamma,0.0,gamma
81,0,1,0.0,beta,0.0,gamma,0.0,delta,0.0,beta,0.0,beta,0.0,beta,0.0,beta,0.0,alpha,0.0,gamma,0.0,beta,0.0,delta,0.0,gamma
81,0,2,0.0,beta,0.0,beta,0.0,beta,0.0,gamma,0.0,delta,0.0,beta,0.0,gamma,0.0,beta,0.0,beta,0.0,delta,0.0,beta,0.0,beta
81,1,0,0.0,gamma,0.0,gamma,0.0,gamma,0.0,delta,0.0,gamma,0.0,delta,0.0,delta,0.0,alpha,0.0,beta,0.0,gamma,0.0,beta,0.0,alpha
82,0,0,0.0,delta,0.0,beta,0.0,delta,0.0,delta,0.0,gamma,0.0,gamma,0.0,alpha,0.0,gamma,0.0,alpha,0.0,delta,0.0,gamma,0.0,gamma
82,0,1,0.0,beta,0.0,alpha,0.0,gamma,0.0,delta,0.0,alpha,0.0,delta,0.0,alpha,0.0,delta,0.0,delta,0.0,beta,0.0,gamma,0.0,delta
82,0,2,0.0,delta,0.0,delta,0.0,delta,0.0,beta,0.0,beta,0.0,delta,0.0,beta,0.0,alpha,0.0,delta,0.0,beta,0.0,alpha,0.0,delta
82,1,0,0.0,beta,0.0,alpha,0.0,beta,0.0,alpha,0.0,alpha,0.0,gamma,0.0,alpha,0.0,alpha,0.0,delta,0.0,beta,0.0,beta,0.0,delta
83,0,0,0.0,gamma,0.0,alpha,0.0,gamma,0.0,gamma,0.0,alpha,0.0,delta,0.0,alpha,0.0,beta,0.0,beta,0.0,gamma,0.0,alpha,0.0,gamma
83,0,1,0.0,alpha,0.0,beta,0.0,beta,0.0,alpha,0.0,alpha,0.0,delta,0.0,beta,0.0,beta,0.0,alpha,0.0,beta,0.0,delta,0.0,beta
83,0,2,0.0,alpha,0.0,alpha,0.0,alpha,0.0,delta,0.0,delta,0.0,alpha,0.0,alpha,0.0,beta,0.0,alpha,0.0,alpha,0.0,beta,0.0,alpha
83,1,0,0.0,beta,0.0,beta,0.0,delta,0.0,gamma,0.0,delta,0.0,gamma,0.0,alpha,0.0,delta,0.0,gamma,0.0,beta,0.0,alpha,0.0,gamma
84,0,0,0.0,gamma,0.0,alpha,0.0,delta,0.0,beta,0.0,alpha,0.0,gamma,0.0,delta,0.0,delta,0.0,gamma,0.0,beta,0.0,alpha,0.0,delta
84,0,1,0.0,alpha,0.0,delta,0.0,beta,0.0,alpha,0.0,beta,0.0,gamma,0.0,beta,0.0,gamma,0.0,delta,0.0,beta,0.0,beta,0.0,delta
84,0,2,0.0,beta,0.0,gamma,0.0,beta,0.0,beta,0.0,beta,0.0,beta,0.0,beta,0.0,alpha,0.0,beta,0.0,delta,0.0,beta,0.0,delta
84,1,0,0.0,alpha,0.0,alpha,0.0,alpha,0.0,beta,0.0,delta,0.0,alpha,0.0,gamma,0.0,beta,0.0,beta,0.0,alpha,0.0,beta,0.0,alpha
85,0,0,0.0,beta,0.0,delta,0.0,beta,0.0,delta,0.0,beta,0.0,delta,0.0,gamma,0.0,alpha,0.0,delta,0.0,delta,0.0,alpha,0.0,delta
85,0,1,0.0,delta,0.0,alpha,0.0,delta,0.0,beta,0.0,delta,0.0,beta,0.0,beta,0.0,beta,0.0,delta,0.0,delta,0.0,beta,0.0,delta
85,0,2,0.0,beta,0.0,delta,0.0,beta,0.0,delta,0.0,beta,0.0,beta,0.0,delta,0.0,delta,0.0,delta,0.0,beta,0.0,delta,0.0,beta
85,1,0,0.0,gamma,0.0,alpha,0.0,beta,0.0,alpha,0.0,gamma,0.0,delta,0.0,beta,0.0,gamma,0.0,delta,0.0,gamma,0.0,beta,0.0,gamma
86,0,0,0.0,gamma,0.0,beta,0.0,alpha,0.0,delta,0.0,beta,0.0,alpha,0.0,alpha,0.0,gamma,0.0,alpha,0.0,beta,0.0,delta,0.0,alpha
86,0,1,0.0,alpha,0.0,alpha,0.0,beta,0.0,beta,0.0,alpha,0.0,beta,0.0,alpha,0.0,alpha,0.0,alpha,0.0,beta,0.0,alpha,0.0,gamma
86,0,2,0.0,alpha,0.0,alpha,0.0,beta,0.0,alpha,0.0,beta,0.0,beta,0.0,alpha,0.0,alpha,0.0,beta,0.0,beta,0.0,beta,0.0,alpha
86,1,0,0.0,gamma,0.0,beta,0.0,beta,0.0,gamma,0.0,delta,0.0,gamma,0.0,alpha,0.0,alpha,0.0,delta,0.0,alpha,0.0,beta,0.0,gamma
87,0,0,0.0,delta,0.0,beta,0.0,delta,0.0,delta,0.0,gamma,0.0,alpha,0.0,alpha,0.0,beta,0.0,gamma,0.0,beta,0.0,gamma,0.0,delta
87,0,1,0.0,beta,0.0,beta,0.0,alpha,0.0,beta,0.0,beta,0.0,alpha,0.0,alpha,0.0,beta,0.0,delta,0.0,alpha,0.0,beta,0.0,beta
87,0,2,0.0,alpha,0.0,beta,0.0,beta,0.0,delta,0.0,beta,0.0,alpha,0.0,delta,0.0,alpha,0.0,alpha,0.0,beta,0.0,beta,0.0,alpha
87,1,0,0.0,delta,0.0,gamma,0.0,delta,0.0,beta,0.0,delta,0.0,gamma,0.0,alpha,0.0,beta,0.0,gamma,0.0,gamma,0.0,beta,0.0,alpha
88,0,0,0.0,delta,0.0,alpha,0.0,delta,0.0,gamma,0.0,alpha,0.0,alpha,0.0,gamma,0.0,beta,0.0,gamma,0.0,gamma,0.0,gamma,0.0,alpha
88,0,1,0.0,alpha,0.0,delta,0.0,gamma,0.0,alpha,0.0,gamma,0.0,gamma,0.0,delta,0.0,alpha,0.0,alpha,0.0,alpha,0.0,alpha,0.0,gamma
88,0,2,0.0,alpha,0.0,delta,0.0,alpha,0.0,alpha,0.0,alpha,0.0,alpha,0.0,alpha,0.0,gamma,0.0,alpha,0.0,alpha,0.0,alpha,0.0,alpha
88,1,0,0.0,delta,0.0,delta,0.0,gamma,0.0,gamma,0.0,gamma,0.0,alpha,0.0,gamma,0.0,gamma,0.0,alpha,0.0,beta,0.0,beta,0.0,delta
89,0,0,0.0,delta,0.0,beta,0.0,beta,0.0,gamma,0.0,beta,0.0,beta,0.0,alpha,0.0,alpha,0.0,delta,0.0,beta,0.0,gamma,0.0,beta
89,0,1,0.0,beta,0.0,beta,0.0,delta,0.0,alpha,0.0,beta,0.0,delta,0.0,alpha,0.0,beta,0.0,beta,0.0,beta,0.0,beta,0.0,beta
89,0,2,0.0,delta,0.0,beta,0.0,beta,0.0,beta,0.0,beta,0.0,beta,0.0,beta,0.0,beta,0.0,beta,0.0,beta,0.0,beta,0.0,beta
89,1,0,0.0,gamma,0.0,gamma,0.0,gamma,0.0,gamma,0.0,beta,0.0,delta,0.0,gamma,0.0,beta,0.0,gamma,0.0,alpha,0.0,alpha,0.0,delta
90,0,0,0.0,beta,0.0,alpha,0.0,delta,0.0,gamma,0.0,alpha,0.0,delta,0.0,delta,0.0,alpha,0.0,alpha,0.0,beta,0.0,gamma,0.0,alpha
90,0,1,0.0,alpha,0.0,alpha,0.0,alpha,0.0,beta,0.0,beta,0.0,alpha,0.0,gamma,0.0,delta,0.0,delta,0.0,delta,0.0,alpha,0.0,delta
90,0,2,0.0,beta,0.0,delta,0.0,delta,0.0,alpha,0.0,delta,0.0,alpha,0.0,beta,0.0,delta,0.0,beta,0.0,beta,0.0,gamma,0.0,delta
90,1,0,0.0,beta,0.0,beta,0.0,gamma,0.0,delta,0.0,beta,0.0,beta,0.0,delta,0.0,gamma,0.0,alpha,0.0,gamma,0.0,beta,0.0,alpha
91,0,0,0.0,beta,0.0,delta,0.0,beta,0.0,gamma,0.0,delta,0.0,alpha,0.0,gamma,0.0,delta,0.0,gamma,0.0,beta,0.0,delta,0.0,gamma
91,0,1,0.0,beta,0.0,beta,0.0,gamma,0.0,gamma,0.0,beta,0.0,delta,0.0,beta,0.0,beta,0.0,beta,0.0,beta,0.0,delta,0.0,gamma
91,0,2,0.0,beta,0.0,gamma,0.0,beta,0.0,beta,0.0,beta,0.0,beta,0.0,beta,0.0,beta,0.0,beta,0.0,beta,0.0,beta,0.0,beta
91,1,0,0.0,delta,0.0,alpha,0.0,delta,0.0,alpha,0.0,delta,0.0,alpha,0.0,gamma,0.0,gamma,0.0,delta,0.0,gamma,0.0,beta,0.0,beta
92,0,0,0.0,alpha,0.0,alpha,0.0,gamma,0.0,gamma,0.0,delta,0.0,beta,0.0,alpha,0.0,delta,0.0,gamma,0.0,beta,0.0,delta,0.0,delta
92,0,1,0.0,beta,0.0,delta,0.0,delta,0.0,delta,0.0,delta,0.0,beta,0.0,alpha,0.0,beta,0.0,delta,0.0,delta,0.0,gamma,0.0,delta
92,0,2,0.0,beta,0.0,beta,0.0,delta,0.0,delta,0.0,delta,0.0,delta,0.0,beta,0.0,delta,0.0,delta,0.0,delta,0.0,delta,0.0,beta
92,1,0,0.0,beta,0.0,gamma,0.0,delta,0.0,gamma,0.0,alpha,0.0,alpha,0.0,alpha,0.0,delta,0.0,gamma,0.0,beta,0.0,alpha,0.0,gamma
93,0,0,0.0,beta,0.0,beta,0.0,beta,0.0,delta,0.0,gamma,0.0,gamma,0.0,delta,0.0,delta,0.0,alpha,0.0,beta,0.0,alpha,0.0,delta
93,0,1,0.0,beta,0.0,beta,0.0,beta,0.0,beta,0.0,beta,0.0,beta,0.0,delta,0.0,beta,0.0,beta,0.0,delta,0.0,delta,0.0,delta
93,0,2,0.0,beta,0.0,beta,0.0,beta,0.0,beta,0.0,beta,0.0,beta,0.0,beta,0.0,delta,0.0,beta,0.0,beta,0.0,beta,0.0,beta
93,1,0,0.0,gamma,0.0,delta,0.0,alpha,0.0,beta,0.0,beta,0.0,delta,0.0,beta,0.0,gamma,0.0,delta,0.0,alpha,0.0,gamma,0.0,alpha
94,0,0,0.0,delta,0.0,gamma,0.0,beta,0.0,delta,0.0,alpha,0.0,alpha,0.0,alpha,0.0,beta,0.0,delta,0.0,gamma,0.0,beta,0.0,gamma
94,0,1,0.0,beta,0.0,alpha,0.0,delta,0.0,delta,0.0,beta,0.0,beta,0.0,delta,0.0,alpha,0.0,gamma,0.0,beta,0.0,beta,0.0,alpha
94,0,2,0.0,beta,0.0,delta,0.0,beta,0.0,delta,0.0,beta,0.0,delta,0.0,delta,0.0,beta,0.0,beta,0.0,beta,0.0,beta,0.0,beta
94,1,0,0.0,delta,0.0,delta,0.0,gamma,0.0,delta,0.0,delta,0.0,beta,0.0,beta,0.0,alpha,0.0,beta,0.0,delta,0.0,delta,0.0,gamma
95,0,0,0.0,alpha,0.0,beta,0.0,alpha,0.0,delta,0.0,delta,0.0,gamma,0.0,beta,0.0,gamma,0.0,delta,0.0,beta,0.0,beta,0.0,alpha
95,0,1,0.0,alpha,0.0,alpha,0.0,alpha,0.0,beta,0.0,beta,0.0,beta,0.0,beta,0.0,beta,0.0,alpha,0.0,delta,0.0,alpha,0.0,delta
95,0,2,0.0,alpha,0.0,beta,0.0,alpha,0.0,beta,0.0,alpha,0.0,alpha,0.0,alpha,0.0,alpha,0.0,beta,0.0,beta,0.0,beta,0.0,alpha
95,1,0,0.0,gamma,0.0,gamma,0.0,delta,0.0,beta,0.0,delta,0.0,delta,0.0,beta,0.0,alpha,0.0,gamma,0.0,delta,0.0,gamma,0.0,gamma
96,0,0,0.0,alpha,0.0,gamma,0.0,beta,0.0,beta,0.0,delta,0.0,alpha,0.0,alpha,0.0,delta,0.0,beta,0.0,delta,0.0,gamma,0.0,delta
96,0,1,0.0,alpha,0.0,beta,0.0,beta,0.0,alpha,0.0,delta,0.0,delta,0.0,delta,0.0,delta,0.0,beta,0.0,alpha,0.0,gamma,0.0,delta
96,0,2,0.0,delta,0.0,beta,0.0,beta,0.0,beta,0.0,delta,0.0,beta,0.0,beta,0.0,beta,0.0,beta,0.0,beta,0.0,delta,0.0,delta
96,1,0,0.0,delta,0.0,alpha,0.0,delta,0.0,gamma,0.0,beta,0.0,alpha,0.0,gamma,0.0,beta,0.0,delta,0.0,gamma,0.0,beta,0.0,beta
97,0,0,0.0,delta,0.0,gamma,0.0,gamma,0.0,delta,0.0,delta,0.0,gamma,0.0,alpha,0.0,delta,0.0,beta,0.0,gamma,0.0,gamma,0.0,delta
97,0,1,0.0,beta,0.0,gamma,0.0,delta,0.0,gamma,0.0,delta,0.0,alpha,0.0,gamma,0.0,delta,0.0,delta,0.0,beta,0.0,delta,0.0,beta
97,0,2,0.0,delta,0.0,beta,0.0,gamma,0.0,beta,0.0,beta,0.0,beta,0.0,gamma,0.0,beta,0.0,delta,0.0,beta,0.0,delta,0.0,beta
97,1,0,0.0,alpha,0.0,beta,0.0,delta,0.0,delta,0.0,beta,0.0,gamma,0.0,delta,0.0,alpha,0.0,beta,0.0,delta,0.0,beta,0.0,gamma
98,0,0,0.0,beta,0.0,beta,0.0,alpha,0.0,beta,0.0,delta,0.0,alpha,0.0,alpha,0.0,beta,0.0,alpha,0.0,beta,0.0,beta,0.0,gamma
98,0,1,0.0,alpha,0.0,alpha,0.0,beta,0.0,beta,0.0,alpha,0.0,beta,0.0,alpha,0.0,alpha,0.0,alpha,0.0,beta,0.0,delta,0.0,delta
98,0,2,0.0,alpha,0.0,alpha,0.0,alpha,0.0,alpha,0.0,alpha,0.0,beta,0.0,beta,0.0,beta,0.0,alpha,0.0,alpha,0.0,alpha,0.0,delta
98,1,0,0.0,gamma,0.0,beta,0.0,delta,0.0,delta,0.0,delta,0.0,beta,0.0,delta,0.0,alpha,0.0,beta,0.0,beta,0.0,delta,0.0,alpha
99,0,0,0.0,beta,0.0,gamma,0.0,delta,0.0,beta,0.0,beta,0.0,beta,0.0,alpha,0.0,gamma,0.0,alpha,0.0,gamma,0.0,gamma,0.0,delta
99,0,1,0.0,beta,0.0,delta,0.0,alpha,0.0,beta,0.0,beta,0.0,beta,0.0,beta,0.0,beta,0.0,beta,0.0,beta,0.0,gamma,0.0,gamma
99,0,2,0.0,beta,0.0,beta,0.0,beta,0.0,beta,0.0,beta,0.0,beta,0.0,beta,0.0,beta,0.0,delta,0.0,beta,0.0,beta,0.0,beta
99,1,0,0.0,delta,0.0,alpha,0.0,gamma,0.0,gamma,0.0,gamma,0.0,beta,0.0,gamma,0.0,gamma,0.0,alpha,0.0,beta,0.0,delta,0.0,gamma
